author_code,name,email,phone,city,joined_date
AUTH001,Priya Sharma,priya.sharma@email.com,+91-98765-43210,Mumbai,03/15/2023
AUTH002,Rohit Kapoor,rohit.kapoor@email.com,+91-87654-32109,Delhi,11/08/2022
AUTH003,Ananya Reddy,ananya.reddy@email.com,+91-76543-21098,Hyderabad,02/20/2024
AUTH004,Vikram Joshi,vikram.joshi@email.com,+91-65432-10987,Pune,07/12/2023
AUTH005,Meera Nair,meera.nair@email.com,+91-54321-09876,Kochi,01/05/2023
AUTH006,Arjun Malhotra,arjun.malhotra@email.com,+91-43210-98765,Chandigarh,06/01/2024
AUTH007,Sneha Kulkarni,sneha.kulkarni@email.com,+91-32109-87654,Bangalore,09/18/2022
AUTH008,Farhan Sheikh,farhan.sheikh@email.com,+91-21098-76543,Lucknow,10/01/2023
AUTH009,Kavita Deshmukh,kavita.deshmukh@email.com,+91-10987-65432,Nagpur,04/10/2024
AUTH010,Diya Chatterjee,diya.chatterjee@email.com,+91-09876-54321,Kolkata,05/22/2023
