book_code,author_code,title,isbn,genre,status,publication_date,mrp,print_partner,available_on
BK001,AUTH001,Whispers of the Ganges,978-93-5XXXX-01-1,Literary Fiction,Published & Live,06/20/2023,399,In-House,"Amazon India, Flipkart, BookLeaf Store"
BK002,AUTH001,The Saffron Diaries,978-93-5XXXX-02-8,Non-Fiction / Memoir,Published & Live,01/10/2024,450,In-House,"Amazon India, BookLeaf Store"
BK003,AUTH002,Code & Karma,978-93-5XXXX-03-5,Self-Help / Technology,Published & Live,02/14/2023,350,Repro India,"Amazon India, Flipkart, Amazon US, BookLeaf Store"
BK004,AUTH002,Startup Sutra,978-93-5XXXX-04-2,Business / Entrepreneurship,Published & Live,05/22/2024,499,In-House,"Amazon India, Flipkart, Amazon US, Amazon UK, BookLeaf Store"
BK005,AUTH003,Between Two Temples,978-93-5XXXX-05-9,Historical Fiction,Published & Live,07/05/2024,425,Epitome Books,"Amazon India, BookLeaf Store"
BK006,AUTH004,Debugging Life,978-93-5XXXX-06-6,Self-Help,Published & Live,11/30/2023,299,In-House,"Amazon India, Flipkart, BookLeaf Store"
BK007,AUTH004,The Last Monsoon,978-93-5XXXX-07-3,Poetry,Published & Live,08/15/2024,199,In-House,"Amazon India, BookLeaf Store"
BK008,AUTH005,Cardamom & Chaos,978-93-5XXXX-08-0,Contemporary Fiction,Published & Live,04/18/2023,375,Repro India,"Amazon India, Flipkart, BookLeaf Store"
BK009,AUTH005,Letters from Lakshadweep,978-93-5XXXX-09-7,Travel / Non-Fiction,Published & Live,03/01/2024,550,In-House,"Amazon India, Amazon US, BookLeaf Store"
BK010,AUTH006,Turban Tales,978-93-5XXXX-10-3,Humor / Essays,Published & Live,09/10/2024,325,In-House,"Amazon India, BookLeaf Store"
BK011,AUTH007,The Algorithm of Love,978-93-5XXXX-11-0,Romance,Published & Live,12/25/2022,299,Repro India,"Amazon India, Flipkart, Amazon US, BookLeaf Store"
BK012,AUTH007,Ctrl+Alt+Delete My Ex,978-93-5XXXX-12-7,Romance / Humor,Published & Live,02/14/2024,350,In-House,"Amazon India, Flipkart, BookLeaf Store"
BK013,AUTH007,Midnight in Mysore,978-93-5XXXX-13-4,Thriller,Cover Design,,,,
BK014,AUTH008,Ghazal of the Forgotten,978-93-5XXXX-14-1,Poetry / Urdu Literature,Published & Live,01/26/2024,250,Epitome Books,"Amazon India, BookLeaf Store"
BK015,AUTH009,Raising Roots,978-93-5XXXX-15-8,Parenting / Non-Fiction,Typesetting,,,,
BK016,AUTH009,The Nagpur Notebooks,978-93-5XXXX-16-5,Essays / Memoir,Published & Live,11/05/2024,299,In-House,"Amazon India, BookLeaf Store"
BK017,AUTH010,Durga’s Daughters,978-93-5XXXX-17-2,Literary Fiction,Published & Live,10/15/2023,475,Repro India,"Amazon India, Flipkart, Amazon US, BookLeaf Store"
BK018,AUTH010,Howrah Nights,978-93-5XXXX-18-9,Crime / Thriller,Published & Live,01/20/2025,399,In-House,"Amazon India, BookLeaf Store"
