book_code,author_code,royalty_per_copy,copies_sold,royalty_earned,royalty_paid,royalty_pending,last_payout_date
BK001,AUTH001,35,342,11970,8400,3570,10/15/2025
BK002,AUTH001,42,189,7938,7938,0,12/01/2025
BK003,AUTH002,30,876,26280,21000,5280,09/01/2025
BK004,AUTH002,48,1203,57744,50000,7744,11/15/2025
BK005,AUTH003,38,67,2546,0,2546,
BK006,AUTH004,25,534,13350,10000,3350,08/20/2025
BK007,AUTH004,15,123,1845,1845,0,12/01/2025
BK008,AUTH005,32,445,14240,14240,0,12/01/2025
BK009,AUTH005,55,201,11055,8000,3055,10/15/2025
BK010,AUTH006,28,88,2464,0,2464,
BK011,AUTH007,25,1567,39175,35000,4175,11/15/2025
BK012,AUTH007,30,723,21690,18000,3690,10/15/2025
BK013,AUTH007,0,0,0,0,0,
BK014,AUTH008,20,156,3120,3120,0,12/01/2025
BK015,AUTH009,0,0,0,0,0,
BK016,AUTH009,25,34,850,0,850,
BK017,AUTH010,45,612,27540,25000,2540,11/15/2025
BK018,AUTH010,35,45,1575,0,1575,
