book_code,author_code,amount,paid_on,note
BK001,AUTH001,8400,10/15/2025,"Total paid to date (the dataset records the latest payout date, not each payout)"
BK002,AUTH001,7938,12/01/2025,"Total paid to date (the dataset records the latest payout date, not each payout)"
BK003,AUTH002,21000,09/01/2025,"Total paid to date (the dataset records the latest payout date, not each payout)"
BK004,AUTH002,50000,11/15/2025,"Total paid to date (the dataset records the latest payout date, not each payout)"
BK006,AUTH004,10000,08/20/2025,"Total paid to date (the dataset records the latest payout date, not each payout)"
BK007,AUTH004,1845,12/01/2025,"Total paid to date (the dataset records the latest payout date, not each payout)"
BK008,AUTH005,14240,12/01/2025,"Total paid to date (the dataset records the latest payout date, not each payout)"
BK009,AUTH005,8000,10/15/2025,"Total paid to date (the dataset records the latest payout date, not each payout)"
BK011,AUTH007,35000,11/15/2025,"Total paid to date (the dataset records the latest payout date, not each payout)"
BK012,AUTH007,18000,10/15/2025,"Total paid to date (the dataset records the latest payout date, not each payout)"
BK014,AUTH008,3120,12/01/2025,"Total paid to date (the dataset records the latest payout date, not each payout)"
BK017,AUTH010,25000,11/15/2025,"Total paid to date (the dataset records the latest payout date, not each payout)"
